subject,difficulty,topic,question,option_1,option_2,option_3,option_4,answer,hint
undertale,easy,Персонажи,Как зовут главного героя Undertale?,Фриск,Чара,Санс,Папирус,Фриск,Главный герой носит полосатую кофту и имеет нейтральное выражение лица
undertale,easy,Персонажи,Кто является первым боссом в Undertale?,Ториэль,Санс,Андайн,Альфис,Ториэль,Это существо похожее на козу которое заботится о тебе в руинах
undertale,easy,Мир игры,Как называется подземный мир в котором живут монстры?,Подземелье,Темный мир,Undertale,Руины,Подземелье,Монстры были заперты людьми под барьером после великой войны
undertale,easy,Геймплей,Что нужно сделать в пацифистском прохождении?,Не убивать никого,Убить всех боссов,Собрать все предметы,Пройти игру за 1 час,Не убивать никого,В этом прохождении нужно пощадить каждого монстра
undertale,easy,Персонажи,Как зовут скелета который охраняет вход в Snowdin?,Папирус,Санс,Меттатон,Гастер,Папирус,Он мечтает стать членом Королевской стражи и очень любит спагетти
undertale,easy,Персонажи,Как зовут брата Папируса?,Санс,Гастер,Меттатон,Асгор,Санс,Он любит спать и рассказывать плохие шутки
undertale,easy,Мир игры,Где начинается игра Undertale?,В руинах,В Snowdin,В Hotland,В замке,В руинах,Это заброшенная часть подземелья где живет Ториэль
undertale,easy,Персонажи,Кто является королём монстров?,Асгор,Санс,Меттатон,Гастер,Асгор,Он выглядит как большой козёл с рогами и носит королевскую мантию
undertale,easy,Геймплей,Какой формы душа главного героя?,Сердце,Звезда,Круг,Треугольник,Сердце,Душа красного цвета и имеет классическую форму
undertale,easy,Персонажи,Кто такая Андайн?,Капитан королевской стражи,Королева монстров,Учёный,Торговец,Капитан королевской стражи,Она рыбоподобный монстр с копьём и очень любит аниме
undertale,easy,Мир игры,Как называется локация с водопадами и светящимися цветами?,Waterfall,Snowdin,Hotland,The Core,Waterfall,Здесь постоянно слышен звук падающей воды
undertale,easy,Персонажи,Кто такая Альфис?,Королевский учёный,Страж руин,Капитан стражи,Торговец,Королевский учёный,Она динозавроподобный монстр которая очень любит аниме и науку
undertale,easy,Геймплей,Как называется действие позволяющее пощадить монстра?,SPARE,ACT,FIGHT,ITEM,SPARE,Эта кнопка появляется желтой когда монстр готов к пощаде
undertale,easy,Мир игры,Как называется горячая локация рядом с лабораторией Альфис?,Hotland,Waterfall,Snowdin,Ruins,Hotland,Здесь очень жарко из-за близости к лаве
undertale,easy,Персонажи,Как зовут торговца в руинах?,Напстаблук,Меттатон,Тем,Санс,Напстаблук,Это грустное привидение которое торгует едой
undertale,easy,Геймплей,Что такое LV в Undertale?,Уровень насилия,Уровень победы,Уровень жизни,Уровень силы,Уровень насилия,LV расшифровывается как LOVE но означает совсем не любовь
undertale,easy,Персонажи,Кем является Меттатон?,Звездой шоу-бизнеса,Королевским стражем,Учёным,Торговцем,Звездой шоу-бизнеса,Он робот созданный Альфис для развлечения монстров
undertale,easy,Мир игры,Что находится в самом конце подземелья?,Замок короля Асгора,Лаборатория Альфис,Дом Ториэль,Руины,Замок короля Асгора,Именно здесь происходит финальная битва с королём
undertale,easy,Геймплей,Как называется система сохранения в Undertale?,Точка сохранения,Checkpoint,Save Star,Memory Point,Точка сохранения,Это звёздочка которая восстанавливает HP и сохраняет прогресс
undertale,easy,Персонажи,Как зовут сына Асгора и Ториэль?,Азриэль,Папирус,Санс,Гастер,Азриэль,Он дружил с первым человеком упавшим в подземелье
undertale,medium,Персонажи,Какое настоящее имя ребенка которое ты вводишь в начале игры?,Чара,Фриск,Азриэль,Асгор,Чара,Это имя первого человека упавшего в подземелье задолго до событий игры
undertale,medium,Мир игры,Что разделяет мир людей и мир монстров?,Барьер,Река,Гора,Стена,Барьер,Семь человеческих душ могут разрушить это магическое препятствие
undertale,medium,Персонажи,Кем является Меттатон по своей природе?,Привидением в роботе,Настоящим роботом,Монстром-скелетом,Человеком,Привидением в роботе,Альфис создала для него специальное тело чтобы он мог стать звездой
undertale,medium,Геймплей,Сколько человеческих душ нужно Асгору чтобы сломать барьер?,7,5,3,10,7,Столько же сколько потребовалось магам для создания барьера
undertale,medium,Персонажи,Кто такой W.D. Gaster?,Бывший королевский ученый,Отец Санса,Создатель барьера,Первый монстр,Бывший королевский ученый,Он исчез в своем же творении и существует лишь в обрывках памяти
undertale,medium,Мир игры,Как называется локация где живет Санс и Папирус?,Сноудин,Waterfall,Hotland,Руины,Сноудин,Это заснеженная деревня в которой всегда зима
undertale,medium,Геймплей,Что происходит с монстром когда ты его щадишь в бою?,Он убегает,Он атакует сильнее,Он становится другом,Ничего не происходит,Он убегает,Действие ACT позволяет изменить настроение монстра и сделать его нейтральным
undertale,medium,Персонажи,Что случилось с Азриэлем после смерти Чары?,Превратился в Цветок Флауи,Стал королём,Исчез навсегда,Стал привидением,Превратился в Цветок Флауи,Без человеческой души монстр не может чувствовать настоящие эмоции
undertale,medium,Геймплей,Как называется финальная атака Санса?,Karmic Retribution,Bone Storm,Gaster Blaster,Final Judgment,Karmic Retribution,Эта атака наносит урон в зависимости от количества убийств игрока
undertale,medium,Персонажи,Кто продаёт предметы в Snowdin?,Братья Снежки,Папирус,Санс,Напстаблук,Братья Снежки,Это два маленьких снеговика-торговца
undertale,medium,Мир игры,Что находится в The Core?,Энергетический реактор для всего подземелья,Трон короля,Лаборатория,Тюрьма,Энергетический реактор для всего подземелья,Это место построено над огромной бездной и питает всё подземелье энергией
undertale,medium,Персонажи,Как зовут напарника Андайн в её доме?,Альфис,Ториэль,Меттатон,Напстаблук,Альфис,Они встречаются у Андайн дома во время пацифистского прохождения
undertale,medium,Геймплей,Что такое LOVE в Undertale?,Levels Of Violence and Execution,Level of Victory,Life Over Violence Execution,Legendary Overpowered Victory Experience,Levels Of Violence and Execution,Это расшифровка аббревиатуры которая скрывает тёмный смысл прокачки
undertale,medium,Мир игры,Сколько человеческих душ собрал Асгор до начала событий игры?,6,7,5,4,6,Ему не хватает одной — твоей — чтобы сломать барьер
undertale,medium,Персонажи,Что Санс делает в своё свободное время?,Спит и ест в ресторане,Тренируется,Изучает науку,Рассказывает истории,Спит и ест в ресторане,Он самый ленивый персонаж в игре и часто дремлет прямо на посту
undertale,medium,Геймплей,Что происходит если проиграть Сансу в бою?,Он отправляет тебя к последней точке сохранения,Игра заканчивается,Он убивает тебя навсегда,Он уходит,Он отправляет тебя к последней точке сохранения,Санс знает о сохранениях и специально использует это против тебя
undertale,medium,Персонажи,Как зовут цветок который встречает тебя в начале игры?,Флауи,Дейзи,Роузи,Торни,Флауи,Он притворяется добрым но потом пытается забрать твою душу
undertale,medium,Мир игры,Почему монстры не могут выйти из подземелья самостоятельно?,Барьер пропускает только людей наружу,Они боятся солнца,Нет дороги наверх,Асгор запрещает им,Барьер пропускает только людей наружу,Магия барьера устроена так что монстры могут только войти но не выйти
undertale,medium,Геймплей,Что такое EXP в Undertale?,Execution Points,Experience Points,Extra Power,Elimination Points,Execution Points,Как и LOVE это аббревиатура скрывает тёмный смысл системы прокачки
undertale,medium,Персонажи,Что происходит с Напстаблуком во время битвы с ним?,Он начинает плакать и ты тонешь в его слезах,Он атакует призраками,Он исчезает,Он зовет подмогу,Он начинает плакать и ты тонешь в его слезах,Это самый необычный бой в руинах
undertale,hard,Секреты,Какой номер у загадочной записи Гастера в лаборатории?,17,13,7,21,17,Эта запись содержит зловещий текст и доступна только через скрытый файл
undertale,hard,Геймплей,Сколько HP у Санса в битве геноцида?,1,100,9999,50,1,Он уклоняется от всех атак поэтому его реальное здоровье не имеет значения
undertale,hard,Секреты,Что означает фраза Its a beautiful day outside в контексте игры?,Начало монолога Санса в геноциде,Песня Папируса,Фраза Ториэль,Надпись на стене руин,Начало монолога Санса в геноциде,Эта фраза продолжается словами birds are singing flowers are blooming
undertale,hard,Персонажи,Каким был настоящий план Чары в конце геноцидного прохождения?,Уничтожить весь мир,Спасти монстров,Вернуться к жизни,Найти Азриэля,Уничтожить весь мир,После получения твоей души она предлагает сделку и уничтожает всё существующее
undertale,hard,Мир игры,Что происходит с сохранениями после геноцидного прохождения и продажи души?,Чара уничтожает мир навсегда,Игра сбрасывается,Появляется секретная концовка,Ничего особенного,Чара уничтожает мир навсегда,Даже если ты начнешь новую игру последствия этого выбора останутся
undertale,hard,Секреты,Как получить доступ к комнате с Гастером?,Изменить файл fun value на 66,Пройти игру 3 раза,Убить всех боссов,Найти скрытую дверь в Waterfall,Изменить файл fun value на 66,Нужно вручную изменить системный файл игры
undertale,hard,Геймплей,Что такое True Pacifist концовка и чем она отличается от обычной пацифистской?,Требует дружбы со всеми персонажами и свидания с Альфис,Просто пройти без убийств,Убить только финального босса,Пройти за минимальное время,Требует дружбы со всеми персонажами и свидания с Альфис,Нужно выполнить особые условия с каждым персонажем перед финальным боссом
undertale,hard,Персонажи,Почему Санс знает о временных петлях и сохранениях?,Он связан с Гастером и имеет особые способности,Он просто умный,Альфис рассказала ему,Он сам создал систему сохранений,Он связан с Гастером и имеет особые способности,Намёки на это разбросаны по всей игре в виде скрытых деталей
undertale,hard,Секреты,Что означает надпись на немом экране после продажи души Чаре?,Конец игры без возможности восстановления,Пасхалка разработчиков,Секретная концовка,Начало новой главы,Конец игры без возможности восстановления,Мир буквально уничтожается и остается только темнота
undertale,hard,Теории,Что на самом деле представляет собой Флауи с точки зрения лора?,Азриэль возрождённый в цветке без души,Злой дух,Эксперимент Гастера,Чара в новом теле,Азриэль возрождённый в цветке без души,Ториэль посадила цветок на могиле и произошло нечто необычное
undertale,hard,Геймплей,Почему нельзя пощадить Санса в бою?,Кнопка SPARE никогда не становится желтой,Он слишком сильный,Он отказывается,Игра блокирует это действие,Кнопка SPARE никогда не становится желтой,Это единственный персонаж в геноциде кого нельзя пощадить стандартным способом
undertale,hard,Секреты,Что происходит если ввести имя Гастер при создании персонажа?,Игра сбрасывается в главное меню,Открывается секретный уровень,Появляется Гастер,Ничего не происходит,Игра сбрасывается в главное меню,Это одна из немногих реакций игры на конкретное имя персонажа
undertale,hard,Персонажи,Что означают руки-символы Гастера Wing Dings?,Это реальный шрифт Wingdings который можно расшифровать,Это случайные символы,Это язык монстров,Это математические формулы,Это реальный шрифт Wingdings который можно расшифровать,Фанаты расшифровали его речь и нашли загадочные фразы
undertale,hard,Мир игры,Почему монстры рассыпаются в пыль после смерти а не оставляют тела?,Их тела состоят из магии и рассеиваются,Это игровая условность,Так устроен мир монстров,Тела забирает барьер,Их тела состоят из магии и рассеиваются,Именно поэтому душа монстра намного слабее человеческой
undertale,hard,Теории,Что связывает Санса с W.D. Gaster согласно намёкам в игре?,Гастер может быть отцом Санса и Папируса,Они враги,Санс это Гастер в другом теле,Гастер создал Санса,Гастер может быть отцом Санса и Папируса,Книга по науке в доме Санса и другие детали намекают на эту связь
undertale,hard,Геймплей,Сколько раз нужно убить Санса чтобы он наконец упал?,1 но он засыпает между атаками,5,3,10,1 но он засыпает между атаками,Главная механика боя с Сансом это его усталость и сон
undertale,hard,Секреты,Что находится в файле Undertale который называется flowey_friendshiptext?,Скрытые диалоги Флауи о прошлых прохождениях,Пасхалки разработчиков,Список всех убийств,Секретная концовка,Скрытые диалоги Флауи о прошлых прохождениях,Флауи знает о твоих предыдущих прохождениях и упоминает их
undertale,hard,Персонажи,Почему Чара ненавидела людей?,Причина намеренно не раскрыта в игре,Люди убили её семью,Она была злой от природы,Монстры промыли ей мозги,Причина намеренно не раскрыта в игре,Тоби Фокс специально оставил прошлое Чары тайной для игроков
undertale,hard,Мир игры,Что произошло с предыдущими шестью людьми попавшими в подземелье?,Их души были собраны Асгором после смерти,Они вернулись домой,Они стали монстрами,Их поглотил барьер,Их души были собраны Асгором после смерти,Их одежду и вещи можно найти в разных локациях игры
deltarune,easy,Персонажи,Как зовут главного героя Deltarune?,Крис,Фриск,Сьюзи,Ралсей,Крис,Этот персонаж живет в городе Hometown и ходит в школу
deltarune,easy,Персонажи,Кто является напарником Криса в Темном мире?,Сьюзи,Ралсей,Ноэль,Бердли,Сьюзи,Это фиолетовое существо с большими зубами которое поначалу пугает всех
deltarune,easy,Мир игры,Как называется темный мир в первой главе Deltarune?,Темный мир библиотеки,Темный замок,Подземелье карт,Мир теней,Темный мир библиотеки,Крис и Сьюзи попали туда через шкаф в классе
deltarune,easy,Персонажи,Кто такой Ралсей?,Принц темного мира,Злодей игры,Друг Криса,Учитель в школе,Принц темного мира,Он встречает Криса и Сьюзи и присоединяется к их отряду
deltarune,easy,Геймплей,Что такое Dark Fountain в Deltarune?,Источник тьмы,Магический фонтан,Дверь в другой мир,Оружие злодея,Источник тьмы,Его нужно запечатать чтобы спасти светлый мир
deltarune,easy,Персонажи,Как зовут безумного шута из тюрьмы темного мира?,Джевил,Спэмтон,Санс,Кинг,Джевил,Он говорит что может делать всё что угодно ведь он дьявол
deltarune,easy,Персонажи,Как зовут маму Криса?,Ториэль,Андайн,Альфис,Ундина,Ториэль,Она работает учителем в той же школе где учится Крис
deltarune,easy,Мир игры,Как называется город в светлом мире где живет Крис?,Hometown,Snowdin,Hotland,Waterfall,Hometown,В этом городе есть школа магазин и дом семьи Дремурр
deltarune,easy,Персонажи,Кем является Лансер в первой главе?,Сыном Кинга,Другом Ралсея,Стражем темного мира,Торговцем,Сыном Кинга,Он ездит на велосипеде и поначалу пытается навредить героям
deltarune,easy,Геймплей,Что такое TP в Deltarune?,Tension Points для специальных атак,Total Power,Team Points,Tactical Power,Tension Points для специальных атак,Эти очки накапливаются во время боя и тратятся на особые умения
deltarune,easy,Персонажи,Кто такая Ноэль в Deltarune?,Одноклассница Криса,Принцесса темного мира,Учительница,Торговец,Одноклассница Криса,Она застенчивая девочка-олень которая присоединяется к команде во второй главе
deltarune,easy,Мир игры,Через что Крис и Сьюзи попали в темный мир в первой главе?,Через шкаф в классе,Через зеркало,Через книгу,Через дверь в подвале,Через шкаф в классе,Они пошли за мелом для учителя и оказались затянуты внутрь
deltarune,easy,Персонажи,Как зовут учителя в классе Криса?,Мистер Дремурр,Мисс Торн,Мистер Пайн,Профессор Карс,Мистер Дремурр,Он попросил Криса принести мел из кладовки
deltarune,easy,Геймплей,Что происходит в конце каждой главы Deltarune?,Крис запечатывает Dark Fountain кристаллом,Герои побеждают злодея,Крис просыпается,Открывается новый мир,Крис запечатывает Dark Fountain кристаллом,Это действие возвращает всех в светлый мир
deltarune,easy,Персонажи,Где живет Крис в начале игры?,В доме с Ториэль,В замке,В школе,В темном мире,В доме с Ториэль,Папа Криса — Асгор — живет отдельно
deltarune,easy,Мир игры,Кто правит темным миром в первой главе?,Кинг,Ралсей,Джевил,Королева,Кинг,Он является главным злодеем первой главы и отцом Лансера
deltarune,easy,Персонажи,Что особенного в Сьюзи среди жителей Hometown?,Все её боятся из-за агрессивного поведения,Она невидима,Она самая умная,Она богатая,Все её боятся из-за агрессивного поведения,Крис единственный кто не убегает от неё в школе
deltarune,easy,Геймплей,Что такое SOUL MODE в битвах Deltarune?,Режим уклонения от атак врага,Режим усиленной атаки,Режим защиты,Режим магии,Режим уклонения от атак врага,В этом режиме нужно двигать сердечко чтобы избежать снарядов
deltarune,easy,Персонажи,Как зовут папу Криса?,Асгор,Санс,Папирус,Гастер,Асгор,Он живет отдельно от Криса и Ториэль и держит цветочный магазин
deltarune,easy,Мир игры,Какой предмет является оружием Сьюзи в Deltarune?,Огромный топор,Меч,Копьё,Молот,Огромный топор,Она использует его как основное оружие в битвах темного мира
deltarune,medium,Персонажи,Кем является Спэмтон в прошлом?,Неудачливым продавцом,Королевским стражем,Учёным,Принцем,Неудачливым продавцом,Когда-то он был успешным но потом всё пошло не так после таинственного звонка
deltarune,medium,Секреты,Что делает Крис ночью в конце каждой главы?,Вырывает кристалл из груди и создает Dark Fountain,Идет спать,Звонит другу,Играет в игры,Вырывает кристалл из груди и создает Dark Fountain,Игрок не контролирует Криса в этот момент
deltarune,medium,Персонажи,Кто такой Бердли в Deltarune?,Одноклассник Криса который хвастается своей умностью,Торговец в темном мире,Союзник Кинга,Принц,Одноклассник Криса который хвастается своей умностью,Он птицеподобный персонаж который во второй главе попадает в темный мир
deltarune,medium,Мир игры,Как называется темный мир во второй главе Deltarune?,Темный мир компьютерного класса,Темный мир библиотеки,Темный замок,Цифровой мир,Темный мир компьютерного класса,Крис Ноэль и Бердли попали туда через старый компьютер
deltarune,medium,Персонажи,Кто является главным злодеем второй главы Deltarune?,Королева,Кинг,Спэмтон NEO,Джевил,Королева,Она правит темным миром второй главы и обожает технологии
deltarune,medium,Геймплей,Что такое Pacifist Route в Deltarune и чем она отличается от Undertale?,В Deltarune нельзя убивать врагов в принципе по сюжету,Нужно не убивать никого,Нужно подружиться со всеми,Нужно пройти без боёв,В Deltarune нельзя убивать врагов в принципе по сюжету,Разработчики убрали механику убийства чтобы подчеркнуть идею игры
deltarune,medium,Персонажи,Что происходит с Ноэль во время битвы с Бердли в маршруте Snowgrave?,Она замораживает его по приказу игрока,Она убегает,Она помогает ему,Она плачет,Она замораживает его по приказу игрока,Это самый тёмный момент во второй главе Deltarune
deltarune,medium,Мир игры,Что такое Snowgrave Route в Deltarune?,Тёмный маршрут второй главы аналог геноцида,Секретный уровень,Альтернативная концовка,Дополнительный босс,Тёмный маршрут второй главы аналог геноцида,В этом маршруте нужно заставить Ноэль делать ужасные вещи
deltarune,medium,Персонажи,Что такое Spamton G. Spamton?,Маленький торговец в темном мире второй главы,Босс первой главы,Союзник героев,Правитель темного мира,Маленький торговец в темном мире второй главы,Он продаёт товары и говорит цитатами из спам-рекламы
deltarune,medium,Геймплей,Как работает система Chapter в Deltarune?,Игра выходит по главам отдельными обновлениями,Все главы доступны сразу,Главы открываются за достижения,Каждая глава это отдельная игра,Игра выходит по главам отдельными обновлениями,Первые две главы вышли в 2018 и 2021 годах соответственно
deltarune,medium,Персонажи,Кто такой Санс в мире Deltarune?,Владелец магазина в Hometown,Школьный учитель,Полицейский,Мэр города,Владелец магазина в Hometown,Он узнает Криса и дает ему советы
deltarune,medium,Мир игры,Что случается со светлым миром пока герои в темном мире?,Время там останавливается,Мир продолжает жить,Мир исчезает,Все жители засыпают,Время там останавливается,Именно поэтому никто не замечает долгого отсутствия Криса
deltarune,medium,Персонажи,Что особенного в Крисе как в игровом протагонисте?,Игрок управляет им против его воли,Он немой,Он злодей,Он робот,Игрок управляет им против его воли,Крис осознаёт присутствие игрока и не всегда с этим согласен
deltarune,medium,Геймплей,Как можно использовать TP очки в бою?,На спец атаки и лечение союзников,Только на атаку,Только на защиту,Нельзя тратить вручную,На спец атаки и лечение союзников,Каждый персонаж имеет уникальные способности требующие TP
deltarune,medium,Персонажи,Что происходит с Ралсеем в конце первой главы?,Он остаётся в темном мире чтобы помочь Лансеру,Он уходит с героями,Он становится злодеем,Он исчезает,Он остаётся в темном мире чтобы помочь Лансеру,Он решает остаться другом Лансера несмотря на опасность
deltarune,medium,Мир игры,Что представляют собой жители темного мира?,Ожившие предметы и карточные персонажи из светлого мира,Монстры из другого измерения,Копии жителей Hometown,Духи темноты,Ожившие предметы и карточные персонажи из светлого мира,В темном мире первой главы всё основано на карточных играх и настолках
deltarune,medium,Персонажи,Что известно о характере Сьюзи в начале игры?,Она агрессивна и запугивает других учеников,Она добрая и приветливая,Она умная отличница,Она тихая и замкнутая,Она агрессивна и запугивает других учеников,Именно это делает её дружбу с Крисом такой неожиданной
deltarune,medium,Геймплей,Что такое Mercy в системе боя Deltarune?,Возможность пощадить врага как в Undertale,Специальная атака,Защитная стойка,Лечебное заклинание,Возможность пощадить врага как в Undertale,Система работает похожим образом на Undertale но с командными элементами
deltarune,medium,Мир игры,Откуда берутся Dark Fountains в мире Deltarune?,Их создаёт некий таинственный персонаж в темноте,Они существуют сами по себе,Их создают злодеи,Они появляются случайно,Их создаёт некий таинственный персонаж в темноте,Крис вырывает кристалл и создаёт новый источник в конце каждой главы
deltarune,hard,Секреты,Что означает анаграмма DELTARUNE?,UNDERTALE,DARK WORLD,TRUE NAME,ALTERNATE,UNDERTALE,Буквы названия игры можно переставить чтобы получить название другой игры Тоби Фокса
deltarune,hard,Секреты,Что происходит если победить Спэмтона NEO в скрытой битве?,Получаем секретную концовку главы 2,Открывается новый уровень,Получаем редкий предмет,Ничего особенного,Получаем секретную концовку главы 2,Эта битва доступна только через особый путь в Queen's Mansion
deltarune,hard,Теории,Чьим голосом говорит игрок согласно лору Deltarune?,Голосом с небес — отдельной сущности,Голосом Криса,Голосом Ралсея,Голосом Гастера,Голосом с небес — отдельной сущности,В начале игры тебя спрашивают имя но Крис его игнорирует
deltarune,hard,Персонажи,Что Джевил имеет в виду говоря I can do ANYTHING?,Он познал истину о природе мира как игры,Он просто сумасшедший,Он получил магическую силу,Он стал бессмертным,Он познал истину о природе мира как игры,Он был заперт после того как узнал нечто что сломало его рассудок
deltarune,hard,Секреты,Что скрывается за дверью в комнате Криса которую нельзя открыть?,Это до сих пор неизвестно,Темный мир,Комната Гастера,Другое измерение,Это до сих пор неизвестно,Тоби Фокс намеренно оставил эту тайну для будущих глав игры
deltarune,hard,Теории,Как связаны миры Undertale и Deltarune согласно теориям фанатов?,Deltarune это альтернативный мир Undertale с теми же персонажами,Это продолжение Undertale,Это приквел,Они никак не связаны,Deltarune это альтернативный мир Undertale с теми же персонажами,Тоби Фокс подтвердил что это не сиквел и не приквел
deltarune,hard,Секреты,Что такое Weird Route и чем он отличается от обычного прохождения?,Тёмное прохождение где игрок манипулирует Ноэль для совершения ужасных действий,Секретный маршрут с новыми боссами,Альтернативная концовка,Спидран маршрут,Тёмное прохождение где игрок манипулирует Ноэль для совершения ужасных действий,Он также известен как Snowgrave Route по названию атаки которой Ноэль замораживает врагов
deltarune,hard,Персонажи,Кто такой Mysterious Figure который упоминается в связи с событиями Deltarune?,Предположительно W.D. Gaster манипулирующий событиями из-за кулис,Новый злодей,Альтер эго Криса,Неизвестный монстр,Предположительно W.D. Gaster манипулирующий событиями из-за кулис,Некоторые NPC в игре появляются и исчезают странным образом намекая на его присутствие
deltarune,hard,Мир игры,Что означает теория о том что выборы игрока в Deltarune не имеют значения?,Тоби Фокс намеренно создал игру где все концовки ведут к одному результату,Игра сломана,Это баг,Это просто слух,Тоби Фокс намеренно создал игру где все концовки ведут к одному результату,В начале игры голос прямо говорит что выборы не важны — и это правда геймплейно
deltarune,hard,Секреты,Как получить доступ к секретной битве со Спэмтоном NEO?,Выбрать маршрут одиночки во второй главе и найти скрытый лифт,Пройти игру без смертей,Победить всех врагов,Найти скрытую дверь,Выбрать маршрут одиночки во второй главе и найти скрытый лифт,Нужно отправить союзников в другое место и пройти особый путь одному
deltarune,hard,Теории,Что символизирует кристалл который Крис вырывает из груди в конце главы?,Контроль игрока над Крисом — Крис избавляется от власти игрока,Магический артефакт,Его душу,Источник его силы,Контроль игрока над Крисом — Крис избавляется от власти игрока,Это метафора борьбы персонажа за свободу от воли игрока
deltarune,hard,Персонажи,Что известно о прошлом Спэмтона до его падения?,Он был успешным рекламным агентом пока таинственный звонок не изменил его жизнь,Он был королём,Он был учёным,Он был стражем,Он был успешным рекламным агентом пока таинственный звонок не изменил его жизнь,Другие NPC в темном мире вспоминают его прежним совершенно другим
deltarune,hard,Мир игры,Почему жители светлого мира не помнят события темного мира?,Их воспоминания стираются когда они возвращаются из темного мира,Они никогда туда не попадают,Это намеренная защитная магия,Тоби Фокс не объяснил это,Их воспоминания стираются когда они возвращаются из темного мира,Только Крис помнит всё что происходит в темном мире
deltarune,hard,Секреты,Что произошло с Ралсеем после событий первой главы согласно второй главе?,Он управляет своим собственным кафе в темном мире,Он исчез,Он стал злодеем,Он вернулся в светлый мир,Он управляет своим собственным кафе в темном мире,Можно навестить его во второй главе если знать где искать
deltarune,hard,Теории,Что означает сцена после титров в конце второй главы?,Гастер наблюдает за событиями и является их организатором,Это случайная сцена,Это реклама третьей главы,Это ошибка,Гастер наблюдает за событиями и является их организатором,Таинственный силуэт в этой сцене очень напоминает описание Гастера
deltarune,hard,Персонажи,Чем отличается Санс в Deltarune от Санса в Undertale по своей роли?,В Deltarune он обычный житель а не страж и не знает о временных петлях,Он злодей,Он мертв,Он стал королём,В Deltarune он обычный житель а не страж и не знает о временных петлях,Хотя он узнаёт Криса и намекает на что-то большее чем кажется
deltarune,hard,Секреты,Что такое файл SURVEY_PROGRAM в Deltarune?,Скрытая программа которую запускает игра для сбора данных об игроке,Внутриигровой предмет,Название секретного уровня,Псевдоним Гастера,Скрытая программа которую запускает игра для сбора данных об игроке,Это реальный файл который Deltarune запускает на компьютере игрока при первом запуске
deltarune,hard,Мир игры,Почему в начале Deltarune игрок создаёт персонажа которого потом выбрасывают?,Чтобы показать что выборы игрока не имеют значения — главный герой уже определён,Это баг разработчиков,Это туториал,Это для мультиплеера,Чтобы показать что выборы игрока не имеют значения — главный герой уже определён,Голос прямо говорит что твой персонаж не нужен и отправляет его в мусор
deltarune,hard,Теории,Почему Крис вырывает кристалл в конце каждой главы если это вредит светлому миру?,Он действует под чьим-то влиянием или по собственному плану о котором мы не знаем,Он хочет разрушить мир,Это случайность,Его заставляет игрок,Он действует под чьим-то влиянием или по собственному плану о котором мы не знаем,Это главная загадка Deltarune которая пока не раскрыта